pit_multi_loss,L2_reg,Total Loss,si_sdr,accuracy_metric,probnorm_acc_metric
0.00965906586498022,0.0025443260092288256,0.012203391645103694,4.79652707862854,50.31458333333333,0.6226310601035754
