nll_loss,accuracy
0.009650884259509654,99.99101527403414
