pit_multi_loss,L2_reg,Total Loss,si_sdr,accuracy_metric,probnorm_acc_metric
0.010107196447749933,0.001441330648958683,0.011548527096708616,3.698280826886495,56.22083333333333,0.6771604594786962
