pit_multi_loss,L2_reg,Total Loss,si_sdr,accuracy_metric,probnorm_acc_metric
0.0370213049929589,0.0013859629398211837,0.03840726885137458,4.403170249929031,68.15625,0.6825207041949034
