nll_loss,accuracy
0.0011808325489813256,99.99251944943148
